{
    "profile": {
        "0": 1354.100143150707,
        "1": 1547.2396641914806,
        "2": 1243.3393107605439,
        "3": 1988.4055184715103,
        "4": 1359.7294062675649,
        "5": 1450.5910508279526,
        "6": 1431.1985463657663,
        "7": 1223.138192762114,
        "8": 1099.385347033853,
        "9": 1328.5082171620513,
        "10": 1727.4074924115284,
        "11": 1484.5679346305133,
        "12": 1669.172651747195,
        "13": 1517.1185926952562,
        "14": 1409.7183146554662,
        "15": 1178.8939105460472,
        "16": 1432.5606031529283,
        "17": 1575.2546504874947,
        "18": 1716.930166152392,
        "19": 1437.653953629713,
        "20": 1295.0661759618956,
        "21": 1224.853632607042,
        "22": 1170.549999399722,
        "23": 1208.0117919275676,
        "24": 1404.5730927373704,
        "25": 1368.47422253691,
        "26": 1205.3164519790273,
        "27": 1182.953293742691,
        "28": 937.0344412143121,
        "29": 1280.5383512161718,
        "30": 1148.655607236563,
        "31": 1303.1773426234706,
        "32": 1062.8338175166762,
        "33": 1583.6101517544082,
        "34": 1060.0691723700686,
        "35": 1614.701983810747,
        "36": 1075.3577356198628,
        "37": 1404.4361759150186,
        "38": 1705.8329566543396,
        "39": 1252.9187528305085,
        "40": 1551.3334842336822,
        "41": 1083.598925495475,
        "42": 1724.2531312425965,
        "43": 1623.5686043711773,
        "44": 1526.3421118133258,
        "45": 1580.9005888597799,
        "46": 1542.2854044063884,
        "47": 1516.2993982867315,
        "48": 1372.7943835604824,
        "49": 1371.3367540733636,
        "50": 1018.31648687212,
        "51": 1873.6463558623548,
        "52": 1061.040279796718,
        "53": 1702.575124849309,
        "54": 1717.4664281596185,
        "55": 1623.9488247353297,
        "56": 1566.6780145669493,
        "57": 1418.3964083977864,
        "58": 1476.888016168458,
        "59": 1305.7144743348001,
        "60": 1017.8900342236195,
        "61": 1441.6348956154704,
        "62": 1259.3287489700494,
        "63": 1618.1519041193912,
        "64": 1669.806434327839,
        "65": 1244.4515483806993,
        "66": 1494.0344625048297,
        "67": 1121.3504347443861,
        "68": 1248.93199676419,
        "69": 1573.148799722223,
        "70": 1468.8808948259377,
        "71": 1690.1727192061308,
        "72": 1964.1027799746737,
        "73": 1950.5319641659903,
        "74": 1340.1267828270963,
        "75": 1502.3309334174876,
        "76": 1248.4245630186817,
        "77": 1599.88419026942,
        "78": 1520.5036597429817,
        "79": 1217.3963189279912,
        "80": 1655.0853755202106,
        "81": 1646.2482746592914,
        "82": 1123.873930445362,
        "83": 1468.966103484432,
        "84": 1961.0186847995274,
        "85": 1396.8298039094793,
        "86": 1363.6403627993936,
        "87": 1467.8291265588373,
        "88": 1787.475009813869,
        "89": 1418.1349871530326,
        "90": 1396.5367987146028,
        "91": 1998.8593869026997,
        "92": 1356.0630084013276,
        "93": 1405.235029127847,
        "94": 1203.9817531023693,
        "95": 1547.598312177116,
        "96": 1474.5470644381521,
        "97": 1288.1729169560076,
        "98": 1116.0012657581801,
        "99": 1705.9400886642034,
        "100": 1051.9927948523446,
        "101": 1806.683604065249,
        "102": 1483.6323076070091,
        "103": 984.8430959823323,
        "104": 1268.592849782552,
        "105": 1175.8693999408033,
        "106": 1144.664485492832,
        "107": 1188.7861419904896,
        "108": 1296.9245580813622,
        "109": 1192.6254513196836,
        "110": 1215.629503028555,
        "111": 1175.1318922696876,
        "112": 1128.3075055005636,
        "113": 1835.3296517669733,
        "114": 1942.368107668632,
        "115": 1668.2664803000534,
        "116": 1410.8938641716468,
        "117": 1133.3043896454956,
        "118": 1346.695620299869,
        "119": 1565.6013487245352,
        "120": 1274.9116092096579,
        "121": 1690.3047309942172,
        "122": 1665.7637719238899,
        "123": 1493.1262939420815,
        "124": 1364.8394249979583,
        "125": 1456.9875453308082,
        "126": 1707.777764400408,
        "127": 1103.219217738096,
        "128": 1430.1890428309225,
        "129": 1673.8865753212954,
        "130": 1798.229699903878,
        "131": 1339.616262556757,
        "132": 1161.270454562174,
        "133": 1655.7428658973756,
        "134": 1548.0812856623297,
        "135": 1664.1172936357311,
        "136": 2063.547065633074,
        "137": 1690.6218265369457,
        "138": 1486.2242913939967,
        "139": 1012.6035793452593,
        "140": 1125.5876448833471,
        "141": 2074.3261992512203,
        "142": 1873.5721905443754,
        "143": 1172.5984436578137,
        "144": 1056.949929402912,
        "145": 2111.4428098170874,
        "146": 1584.7696078899849,
        "147": 1419.92201208719,
        "148": 1720.020258594428,
        "149": 1314.1350144856276,
        "150": 1647.8294550882451,
        "151": 946.6775438200605,
        "152": 1227.6810237777268,
        "153": 998.3414025119401,
        "154": 962.6597987166953,
        "155": 1545.9035822003407,
        "156": 1566.6307965846086,
        "157": 1288.304019505584,
        "158": 1360.3508279375126,
        "159": 1471.1242394550193,
        "160": 1563.8239292897135,
        "161": 1406.1179801429266,
        "162": 1669.0370955189442,
        "163": 1318.6353063607557,
        "164": 1664.369428113415,
        "165": 1159.660614856582,
        "166": 1858.2913896184164,
        "167": 969.9712962314767,
        "168": 1559.1608386470432,
        "169": 1036.220439268759,
        "170": 2095.6788453194813,
        "171": 1182.693604427523,
        "172": 1168.6951012762077,
        "173": 1263.64020774113,
        "174": 1537.8748940089638,
        "175": 1202.977275579883,
        "176": 1196.2028444710468,
        "177": 1567.1402355170235,
        "178": 1872.9008191125065,
        "179": 1589.4920488803339,
        "180": 1215.195333115329,
        "181": 1307.7438115046818,
        "182": 1747.5679569585113,
        "183": 1689.0459813168227,
        "184": 1494.7816981253413,
        "185": 1335.374809339142,
        "186": 1318.2503591832563,
        "187": 1248.773576049268,
        "188": 1110.2093128662912,
        "189": 1298.4459299410735,
        "190": 792.4249458388268,
        "191": 1384.1668911421066,
        "192": 1687.9355489323066,
        "193": 1447.3101316968446,
        "194": 1285.92902953886,
        "195": 1260.6958349423787,
        "196": 1408.5167000495248,
        "197": 1198.8968524085308,
        "198": 1726.3859946786758,
        "199": 1114.586590951915,
        "200": 1129.3200551125271,
        "201": 1396.029313459751,
        "202": 1838.95359851155,
        "203": 1689.9132280401316,
        "204": 1606.112415678634,
        "205": 1817.2850291525492,
        "206": 1845.22758649797,
        "207": 1004.6993479027625,
        "208": 1311.1882045057305,
        "209": 1474.3716975009675,
        "210": 1188.079383411675,
        "211": 1332.0662609596218,
        "212": 1463.531186424413,
        "213": 1578.9786535670428,
        "214": 1974.2670276566007,
        "215": 1947.6263454203383,
        "216": 1833.8054530907962,
        "217": 1088.5422559265842,
        "218": 1613.6641048158956,
        "219": 1355.8427852613165,
        "220": 1812.6835646456193,
        "221": 1003.4387144214417,
        "222": 836.7925440253225,
        "223": 1615.4019164276235,
        "224": 782.6651529980094,
        "225": 1395.8457408695363,
        "226": 1456.3727248454375,
        "227": 1949.850191620886,
        "228": 1762.4751369774854,
        "229": 1353.2159106940637,
        "230": 614.2890605453498,
        "231": 1453.4666632574185,
        "232": 964.5736024281854,